Date (M/D/Y),pH,Turbidity,Temperature,Alkalinity,Conductivity,TDS,Chloride,Salinity,DO,BOD5,COD,Ammonia_N,Sulphate,Phosphate,Nitrate_N,Nitrite_N,Fe,Date,Month,Month_Name,Season,WQI_screening,WQI_standard_category,WQI_relative_class
2025-01-01,7.18,202.5,20.5,56.5,1156,578,345.0,0.35,6.65,0.83,36.5,0.69,23.0,0.39,1.24,0.005,1.27,2025-01-01,1,Jan,Winter,1567.9624068098362,Unsuitable,Moderate-relative
2025-01-02,7.21,227.0,19.3,55.0,930,465,275.0,0.24,6.69,0.52,25.6,0.71,19.0,0.75,1.47,0.006,1.65,2025-01-02,1,Jan,Winter,1753.3242832239162,Unsuitable,Moderate-relative
2025-01-03,7.2,220.0,21.0,54.5,422,211,124.0,0.12,6.78,0.43,40.1,0.52,26.0,0.49,1.5,0.008,1.52,2025-01-03,1,Jan,Winter,1699.2042784021364,Unsuitable,Moderate-relative
2025-01-04,7.23,312.0,21.3,56.0,310,155,77.0,0.08,7.03,0.62,18.9,1.08,31.0,0.5,1.46,0.01,1.37,2025-01-04,1,Jan,Winter,2394.6032305923372,Unsuitable,Poor-relative
2025-01-05,7.2,225.0,20.5,56.5,498,249,148.0,0.15,6.99,1.09,,0.97,29.0,0.35,1.38,0.006,1.25,2025-01-05,1,Jan,Winter,1736.3199677311673,Unsuitable,Moderate-relative
2025-01-06,7.22,210.0,21.4,59.5,334,167,79.0,0.08,7.18,0.91,,,,,,,,2025-01-06,1,Jan,Winter,1622.113959051964,Unsuitable,Moderate-relative
2025-01-07,7.25,142.5,20.8,62.0,550,275,137.0,0.14,6.92,1.05,,,,,,,,2025-01-07,1,Jan,Winter,1113.1150254070697,Unsuitable,Good-relative
2025-01-08,7.18,180.0,21.3,55.0,450,225,111.0,0.11,7.01,0.78,,,,,,,,2025-01-08,1,Jan,Winter,1395.3153666407034,Unsuitable,Good-relative
2025-01-09,7.15,165.0,21.3,55.5,579,289,137.0,0.14,6.98,,,,,,,,,2025-01-09,1,Jan,Winter,1281.6207132524762,Unsuitable,Good-relative
2025-01-10,7.2,185.0,20.4,56.0,606,303,148.0,0.15,6.91,,,,,,,,,2025-01-10,1,Jan,Winter,1434.0143355216796,Unsuitable,Good-relative
2025-01-11,7.19,165.0,20.7,57.5,708,354,176.0,0.18,6.88,,,,,,,,,2025-01-11,1,Jan,Winter,1282.7849282296652,Unsuitable,Good-relative
2025-01-12,7.23,180.0,21.8,59.0,700,350,208.0,0.21,6.81,,,,,,,,,2025-01-12,1,Jan,Winter,1397.2524312896408,Unsuitable,Good-relative
2025-01-13,7.25,210.0,21.3,58.0,782,391,232.0,0.23,6.75,,,,,,,,,2025-01-13,1,Jan,Winter,1624.8790883127479,Unsuitable,Moderate-relative
2025-01-14,7.29,195.0,20.5,62.0,776,388,231.0,0.23,6.75,,,,,,,,,2025-01-14,1,Jan,Winter,1511.988883943474,Unsuitable,Good-relative
2025-01-15,7.34,225.0,20.5,62.0,966,483,288.0,0.28,6.69,,,,,,,,,2025-01-15,1,Jan,Winter,1740.2060939876117,Unsuitable,Moderate-relative
2025-01-16,7.21,335.0,21.2,57.5,876,438,261.0,0.26,6.73,,,,,,,,,2025-01-16,1,Jan,Winter,2570.29604057713,Unsuitable,Poor-relative
2025-01-17,7.18,310.0,21.5,60.0,794,397,236.0,0.23,6.57,,,,,,,,,2025-01-17,1,Jan,Winter,2381.2245057675905,Unsuitable,Poor-relative
2025-01-18,7.2,185.0,19.8,56.5,750,375,184.0,0.18,6.94,,,,,,,,,2025-01-18,1,Jan,Winter,1434.0619097956305,Unsuitable,Good-relative
2025-01-19,7.23,165.0,20.5,58.5,518,259,127.0,0.13,7.01,,,,,,,,,2025-01-19,1,Jan,Winter,1282.6506082860428,Unsuitable,Good-relative
2025-01-20,7.28,250.0,20.3,60.0,558,279,138.0,0.14,6.98,,,,,,,,,2025-01-20,1,Jan,Winter,1926.717384370016,Unsuitable,Moderate-relative
2025-01-21,7.35,160.0,19.8,62.5,490,245,121.0,0.12,7.05,,,,,,,,,2025-01-21,1,Jan,Winter,1246.431061533326,Unsuitable,Good-relative
2025-01-22,7.41,117.4,19.5,65.0,618,309,153.0,0.15,6.94,,,,,,,,,2025-01-22,1,Jan,Winter,925.57957419977,Unsuitable,Good-relative
2025-01-23,7.28,105.0,20.3,58.0,364,182,86.0,0.08,7.07,,,,,,,,,2025-01-23,1,Jan,Winter,828.9821557063906,Unsuitable,Good-relative
2025-01-24,7.25,120.0,20.9,59.5,278,139,67.0,0.06,7.1,,,,,,,,,2025-01-24,1,Jan,Winter,941.8331682801082,Unsuitable,Good-relative
2025-01-25,7.29,110.0,19.4,60.0,474,237,115.0,0.11,7.05,,,,,,,,,2025-01-25,1,Jan,Winter,867.1806053187939,Unsuitable,Good-relative
2025-01-26,7.25,135.0,20.7,58.5,606,303,147.0,0.14,6.71,,,,,,,,,2025-01-26,1,Jan,Winter,1057.2288731871963,Unsuitable,Good-relative
2025-01-27,7.29,125.0,20.5,62.0,694,347,171.0,0.17,6.8,,,,,,,,,2025-01-27,1,Jan,Winter,981.9252772523275,Unsuitable,Good-relative
2025-01-28,7.22,205.0,21.3,60.0,848,424,253.0,0.25,6.55,,,,,,,,,2025-01-28,1,Jan,Winter,1587.487737843552,Unsuitable,Moderate-relative
2025-01-29,7.28,235.0,21.0,60.5,914,457,270.0,0.27,6.62,,,,,,,,,2025-01-29,1,Jan,Winter,1815.1753848151036,Unsuitable,Moderate-relative
2025-01-30,7.31,265.0,21.5,64.5,1204,602,356.0,0.35,6.39,,,,,,,,,2025-01-30,1,Jan,Winter,2043.9103390081968,Unsuitable,Moderate-relative
2025-01-31,7.36,225.0,21.7,66.0,1194,597,355.0,0.35,6.45,,,,,,,,,2025-01-31,1,Jan,Winter,1741.7565854382256,Unsuitable,Moderate-relative
2025-02-01,7.26,235.0,21.5,57.5,2073,1037,653.0,0.65,6.49,0.98,45.1,1.23,25.0,0.35,1.09,0.005,1.27,2025-02-01,2,Feb,Winter,1816.9748284559178,Unsuitable,Moderate-relative
2025-02-02,7.21,265.0,22.2,58.0,1783,892,562.0,0.56,6.57,1.08,46.5,1.28,28.0,0.38,1.17,0.008,1.33,2025-02-02,2,Feb,Winter,2042.5295241274434,Unsuitable,Moderate-relative
2025-02-03,7.25,240.0,21.7,54.5,776,388,244.0,0.24,6.8,1.2,33.8,1.31,43.0,0.57,0.92,0.005,1.43,2025-02-03,2,Feb,Winter,1851.6940896109195,Unsuitable,Moderate-relative
2025-02-04,7.18,212.0,20.9,54.5,766,383,241.0,0.24,6.84,0.85,35.9,1.28,35.0,0.62,2.4,0.021,1.65,2025-02-04,2,Feb,Winter,1638.6234765030972,Unsuitable,Moderate-relative
2025-02-05,7.13,205.0,20.5,55.5,548,274,173.0,0.17,6.87,0.9,,1.19,57.0,1.08,1.33,0.013,1.5,2025-02-05,2,Feb,Winter,1584.514489447721,Unsuitable,Moderate-relative
2025-02-06,7.2,142.3,20.9,58.0,396,198,125.0,0.12,7.03,0.76,,,,,,,,2025-02-06,2,Feb,Winter,1110.3129223693486,Unsuitable,Good-relative
2025-02-07,7.15,135.0,21.2,56.5,338,169,106.0,0.11,7.06,0.55,,,,,,,,2025-02-07,2,Feb,Winter,1054.1310021883462,Unsuitable,Good-relative
2025-02-08,7.16,150.0,21.0,55.0,460,230,145.0,0.14,6.9,1.09,,,,,,,,2025-02-08,2,Feb,Winter,1168.5642780312303,Unsuitable,Good-relative
2025-02-09,7.13,115.0,21.5,52.5,646,323,203.0,0.2,7.03,,,,,,,,,2025-02-09,2,Feb,Winter,903.013992433515,Unsuitable,Good-relative
2025-02-10,7.15,135.0,20.6,54.0,1373,687,433.0,0.43,6.8,,,,,,,,,2025-02-10,2,Feb,Winter,1056.5254478691445,Unsuitable,Good-relative
2025-02-11,7.18,130.0,20.9,55.5,1400,700,441.0,0.44,6.8,,,,,,,,,2025-02-11,2,Feb,Winter,1019.1792533659731,Unsuitable,Good-relative
2025-02-12,7.2,165.0,22.1,55.5,1600,819,516.0,0.52,6.77,,,,,,,,,2025-02-12,2,Feb,Winter,1284.7382126033901,Unsuitable,Good-relative
2025-02-13,7.25,190.0,22.5,58.5,1593,797,502.0,0.5,6.69,,,,,,,,,2025-02-13,2,Feb,Winter,1474.9125866993063,Unsuitable,Good-relative
2025-02-14,7.2,195.0,22.8,53.5,1707,853,537.0,0.54,6.65,,,,,,,,,2025-02-14,2,Feb,Winter,1512.2854920069728,Unsuitable,Good-relative
2025-02-15,7.22,185.0,23.1,53.0,1420,710,447.0,0.45,6.68,,,,,,,,,2025-02-15,2,Feb,Winter,1436.4161826341756,Unsuitable,Good-relative
2025-02-16,7.18,230.0,23.5,55.0,1197,598,377.0,0.38,6.7,,,,,,,,,2025-02-16,2,Feb,Winter,1775.9485887021995,Unsuitable,Moderate-relative
2025-02-17,7.26,197.5,21.4,52.5,930,465,293.0,0.29,6.81,,,,,,,,,2025-02-17,2,Feb,Winter,1530.424541003672,Unsuitable,Moderate-relative
2025-02-18,7.2,190.0,22.7,56.0,960,480,302.0,0.3,6.83,,,,,,,,,2025-02-18,2,Feb,Winter,1472.7620525944883,Unsuitable,Good-relative
2025-02-19,7.21,180.0,22.5,56.0,534,267,168.0,0.17,6.9,,,,,,,,,2025-02-19,2,Feb,Winter,1396.402974667112,Unsuitable,Good-relative
2025-02-20,7.23,117.8,22.1,58.0,490,245,154.0,0.15,6.91,,,,,,,,,2025-02-20,2,Feb,Winter,925.9753681243277,Unsuitable,Good-relative
2025-02-21,7.25,115.0,21.8,60.0,476,238,150.0,0.15,7.02,,,,,,,,,2025-02-21,2,Feb,Winter,904.6444938985943,Unsuitable,Good-relative
2025-02-22,7.3,115.0,21.5,64.5,1667,833,525.0,0.52,6.59,,,,,,,,,2025-02-22,2,Feb,Winter,908.6873428285301,Unsuitable,Good-relative
2025-02-23,7.28,107.6,22.0,54.0,1810,905,570.0,0.57,6.55,,,,,,,,,2025-02-23,2,Feb,Winter,852.6972849671747,Unsuitable,Good-relative
2025-02-24,7.23,185.0,22.8,57.5,1923,962,606.0,0.61,6.49,,,,,,,,,2025-02-24,2,Feb,Winter,1438.0064964207563,Unsuitable,Good-relative
2025-02-25,7.2,185.0,22.9,53.5,2300,1150,725.0,0.72,6.42,,,,,,,,,2025-02-25,2,Feb,Winter,1438.3207688883942,Unsuitable,Good-relative
2025-02-26,7.25,175.0,23.5,56.0,2400,1200,756.0,0.76,6.35,,,,,,,,,2025-02-26,2,Feb,Winter,1363.8170728088721,Unsuitable,Good-relative
2025-02-27,7.23,172.5,24.2,54.0,3867,1933,1218.0,1.22,6.19,,,,,,,,,2025-02-27,2,Feb,Winter,1347.1781276658878,Unsuitable,Good-relative
2025-02-28,7.2,210.0,24.8,52.5,3977,1988,1252.0,1.25,6.14,,,,,,,,,2025-02-28,2,Feb,Winter,1630.810695078076,Unsuitable,Moderate-relative
2025-03-01,7.19,290.0,25.0,55.0,2252,1126,709.0,0.71,6.01,1.16,62.3,0.98,42.0,0.34,0.89,0.008,1.25,2025-03-01,3,Mar,Pre-monsoon,2234.2095916323583,Unsuitable,Moderate-relative
2025-03-02,7.15,315.0,24.5,54.5,2192,1096,690.0,0.69,6.03,1.25,52.2,1.23,35.0,0.29,0.75,0.005,1.39,2025-03-02,3,Mar,Pre-monsoon,2422.616878083157,Unsuitable,Poor-relative
2025-03-03,7.18,375.0,26.3,54.0,2077,1038,654.0,0.65,6.05,1.09,44.4,1.24,27.0,0.6,0.82,0.008,1.45,2025-03-03,3,Mar,Pre-monsoon,2876.81703571826,Unsuitable,Poor-relative
2025-03-04,7.2,312.0,27.2,56.5,1788,894,563.0,0.56,6.14,0.92,28.6,1.1,38.0,0.51,0.7,0.006,1.64,2025-03-04,3,Mar,Pre-monsoon,2399.697976707096,Unsuitable,Poor-relative
2025-03-05,7.13,295.0,27.2,52.5,888,444,280.0,0.28,6.4,0.95,,1.28,52.0,0.34,1.05,0.011,0.98,2025-03-05,3,Mar,Pre-monsoon,2267.7886335818407,Unsuitable,Moderate-relative
2025-03-06,7.2,230.0,26.9,55.0,740,370,233.0,0.23,6.49,0.88,,,,,,,,2025-03-06,3,Mar,Pre-monsoon,1776.4645525017618,Unsuitable,Moderate-relative
2025-03-07,7.23,162.5,28.5,57.0,638,319,201.0,0.2,6.72,0.75,,,,,,,,2025-03-07,3,Mar,Pre-monsoon,1265.1395237565373,Unsuitable,Good-relative
2025-03-08,7.25,147.3,27.9,54.5,925,463,292.0,0.29,6.65,0.63,,,,,,,,2025-03-08,3,Mar,Pre-monsoon,1151.0740940617932,Unsuitable,Good-relative
2025-03-09,7.21,128.0,28.3,54.0,1058,529,333.0,0.33,6.45,,,,,,,,,2025-03-09,3,Mar,Pre-monsoon,1005.4073253959424,Unsuitable,Good-relative
2025-03-10,7.2,145.0,28.1,54.0,1133,567,357.0,0.36,6.35,,,,,,,,,2025-03-10,3,Mar,Pre-monsoon,1134.3846852861543,Unsuitable,Good-relative
2025-03-11,7.25,150.0,28.0,56.5,1475,738,465.0,0.46,6.24,,,,,,,,,2025-03-11,3,Mar,Pre-monsoon,1173.8605003523608,Unsuitable,Good-relative
2025-03-12,7.19,155.0,28.5,53.5,1753,877,553.0,0.55,6.07,,,,,,,,,2025-03-12,3,Mar,Pre-monsoon,1211.830026705241,Unsuitable,Good-relative
2025-03-13,7.22,195.0,29.1,56.5,1805,903,569.0,0.57,6.04,,,,,,,,,2025-03-13,3,Mar,Pre-monsoon,1515.1350228107267,Unsuitable,Good-relative
2025-03-14,7.22,270.0,29.5,54.0,1197,598,377.0,0.38,6.48,,,,,,,,,2025-03-14,3,Mar,Pre-monsoon,2080.063699417678,Unsuitable,Moderate-relative
2025-03-15,7.18,327.0,29.2,52.0,1230,615,387.0,0.39,6.44,,,,,,,,,2025-03-15,3,Mar,Pre-monsoon,2510.9511961722487,Unsuitable,Poor-relative
2025-03-16,7.13,305.0,28.7,50.5,1125,563,355.0,0.35,6.5,,,,,,,,,2025-03-16,3,Mar,Pre-monsoon,2343.366972664219,Unsuitable,Poor-relative
2025-03-17,7.16,305.0,28.5,52.5,1133,567,357.0,0.36,6.48,,,,,,,,,2025-03-17,3,Mar,Pre-monsoon,2343.909415451949,Unsuitable,Poor-relative
2025-03-18,7.22,262.0,29.9,55.5,960,480,302.0,0.3,6.57,,,,,,,,,2025-03-18,3,Mar,Pre-monsoon,2018.8679555654467,Unsuitable,Moderate-relative
2025-03-19,7.18,250.0,27.8,54.0,780,390,246.0,0.25,6.63,,,,,,,,,2025-03-19,3,Mar,Pre-monsoon,1926.9955528355777,Unsuitable,Moderate-relative
2025-03-20,7.21,240.0,27.5,54.5,618,309,195.0,0.19,6.78,,,,,,,,,2025-03-20,3,Mar,Pre-monsoon,1850.9713790289677,Unsuitable,Moderate-relative
2025-03-21,7.23,225.0,28.2,56.5,584,292,184.0,0.18,6.83,,,,,,,,,2025-03-21,3,Mar,Pre-monsoon,1737.5370887578354,Unsuitable,Moderate-relative
2025-03-22,7.27,170.0,28.0,58.0,500,250,158.0,0.16,6.91,,,,,,,,,2025-03-22,3,Mar,Pre-monsoon,1321.5552205036906,Unsuitable,Good-relative
2025-03-23,7.21,132.5,28.9,55.5,442,221,139.0,0.14,6.97,,,,,,,,,2025-03-23,3,Mar,Pre-monsoon,1036.5941378287157,Unsuitable,Good-relative
2025-03-24,7.18,90.0,29.2,54.0,450,225,142.0,0.14,6.94,,,,,,,,,2025-03-24,3,Mar,Pre-monsoon,714.6966803901931,Unsuitable,Good-relative
2025-03-25,7.15,130.0,29.0,53.5,1080,540,340.0,0.34,6.5,,,,,,,,,2025-03-25,3,Mar,Pre-monsoon,1019.4802214309558,Unsuitable,Good-relative
2025-03-26,7.2,140.0,29.7,56.0,1340,670,422.0,0.42,6.31,,,,,,,,,2025-03-26,3,Mar,Pre-monsoon,1096.9940172842253,Unsuitable,Good-relative
2025-03-27,7.15,195.0,28.5,53.5,1288,644,406.0,0.41,6.4,,,,,,,,,2025-03-27,3,Mar,Pre-monsoon,1511.9742758057935,Unsuitable,Good-relative
2025-03-28,7.14,275.0,29.9,54.0,2030,1015,639.0,0.64,6.19,,,,,,,,,2025-03-28,3,Mar,Pre-monsoon,2118.960568969994,Unsuitable,Moderate-relative
2025-03-29,7.19,335.0,30.1,56.5,2033,1017,641.0,0.64,6.16,,,,,,,,,2025-03-29,3,Mar,Pre-monsoon,2573.8290920218096,Unsuitable,Poor-relative
2025-03-30,7.15,390.0,28.7,52.0,2498,1249,787.0,0.79,5.95,,,,,,,,,2025-03-30,3,Mar,Pre-monsoon,2990.816041689848,Unsuitable,Poor-relative
2025-03-31,7.12,387.0,29.5,51.5,2267,1133,714.0,0.71,6.96,,,,,,,,,2025-03-31,3,Mar,Pre-monsoon,2963.3801361225474,Unsuitable,Poor-relative
2025-04-01,7.1,420.0,28.6,54.0,736,368,200.0,0.2,7.01,1.31,36.7,0.65,21.0,0.5,0.93,0.008,0.69,2025-04-01,4,Apr,Pre-monsoon,3210.4576870294127,Unsuitable,Poor-relative
2025-04-02,7.07,370.0,27.3,60.0,410,205,85.5,0.08,7.05,1.09,47.3,0.81,27.0,0.54,0.85,0.006,0.83,2025-04-02,4,Apr,Pre-monsoon,2831.089214049924,Unsuitable,Poor-relative
2025-04-03,7.15,385.0,28.0,64.0,458,229,125.0,0.12,7.03,0.96,50.2,0.77,16.0,0.47,0.7,0.005,0.95,2025-04-03,4,Apr,Pre-monsoon,2946.0088312748044,Unsuitable,Poor-relative
2025-04-04,7.12,264.0,28.3,60.0,360,180,72.0,0.07,6.99,1.41,42.0,1.15,25.0,0.72,1.0,0.013,1.15,2025-04-04,4,Apr,Pre-monsoon,2029.9603019175845,Unsuitable,Moderate-relative
2025-04-05,7.19,180.0,28.9,63.0,432,216,105.0,0.1,6.94,1.35,,1.02,19.0,0.51,0.89,0.008,0.98,2025-04-05,4,Apr,Pre-monsoon,1395.752453544008,Unsuitable,Good-relative
2025-04-06,7.14,245.0,28.5,58.0,540,270,149.0,0.15,6.87,0.85,,,,,,,,2025-04-06,4,Apr,Pre-monsoon,1887.2584065872927,Unsuitable,Moderate-relative
2025-04-07,7.2,230.0,27.7,60.0,410,205,113.0,0.11,6.9,1.23,,,,,,,,2025-04-07,4,Apr,Pre-monsoon,1774.3843996884386,Unsuitable,Moderate-relative
2025-04-08,7.25,135.0,28.3,65.0,466,233,128.0,0.13,6.83,0.9,,,,,,,,2025-04-08,4,Apr,Pre-monsoon,1056.6762360446571,Unsuitable,Good-relative
2025-04-09,7.14,174.5,28.1,58.0,306,153,61.0,0.06,6.88,,,,,,,,,2025-04-09,4,Apr,Pre-monsoon,1353.4269426208225,Unsuitable,Good-relative
2025-04-10,7.18,240.0,27.7,63.0,420,210,103.0,0.1,6.85,,,,,,,,,2025-04-10,4,Apr,Pre-monsoon,1849.9372723563667,Unsuitable,Moderate-relative
2025-04-11,7.07,320.0,28.5,54.0,274,137,55.0,0.05,6.89,,,,,,,,,2025-04-11,4,Apr,Pre-monsoon,2453.223370794852,Unsuitable,Poor-relative
2025-04-12,7.05,245.0,28.2,52.5,380,190,76.0,0.07,6.83,,,,,,,,,2025-04-12,4,Apr,Pre-monsoon,1885.7732966136275,Unsuitable,Moderate-relative
2025-04-13,7.12,260.0,28.9,58.0,320,160,64.0,0.06,6.88,,,,,,,,,2025-04-13,4,Apr,Pre-monsoon,2000.0790549311969,Unsuitable,Moderate-relative
2025-04-14,7.15,209.0,28.5,63.0,370,185,75.0,0.07,6.82,,,,,,,,,2025-04-14,4,Apr,Pre-monsoon,1614.9457178888026,Unsuitable,Moderate-relative
2025-04-15,7.11,380.0,29.1,60.5,336,168,69.0,0.07,6.85,,,,,,,,,2025-04-15,4,Apr,Pre-monsoon,2908.0601183190533,Unsuitable,Poor-relative
2025-04-16,7.03,295.0,28.6,54.0,264,132,55.0,0.05,6.96,,,,,,,,,2025-04-16,4,Apr,Pre-monsoon,2263.1881532584107,Unsuitable,Moderate-relative
2025-04-17,7.09,267.0,29.0,62.0,580,290,160.0,0.16,6.81,,,,,,,,,2025-04-17,4,Apr,Pre-monsoon,2053.2830570082715,Unsuitable,Moderate-relative
2025-04-18,7.05,323.0,28.2,58.5,420,210,119.0,0.12,6.85,,,,,,,,,2025-04-18,4,Apr,Pre-monsoon,2476.053953859278,Unsuitable,Poor-relative
2025-04-19,7.1,290.0,29.4,64.0,310,155,65.0,0.06,6.87,,,,,,,,,2025-04-19,4,Apr,Pre-monsoon,2226.843904157858,Unsuitable,Moderate-relative
2025-04-20,7.14,265.0,29.7,65.0,406,203,110.0,0.11,6.84,,,,,,,,,2025-04-20,4,Apr,Pre-monsoon,2038.5707021252922,Unsuitable,Moderate-relative
2025-04-21,7.17,180.0,28.4,68.0,360,180,74.0,0.07,6.8,,,,,,,,,2025-04-21,4,Apr,Pre-monsoon,1395.910033010645,Unsuitable,Good-relative
2025-04-22,7.11,104.9,29.1,63.5,270,135,55.0,0.05,6.87,,,,,,,,,2025-04-22,4,Apr,Pre-monsoon,826.3881439857573,Unsuitable,Good-relative
2025-04-23,7.18,90.0,29.8,67.0,420,210,119.0,0.12,6.79,,,,,,,,,2025-04-23,4,Apr,Pre-monsoon,715.2683283261007,Unsuitable,Good-relative
2025-04-24,7.15,277.0,27.9,64.0,326,163,68.0,0.07,6.85,,,,,,,,,2025-04-24,4,Apr,Pre-monsoon,2129.315362931642,Unsuitable,Moderate-relative
2025-04-25,7.15,310.0,28.5,62.5,290,145,63.0,0.06,6.74,,,,,,,,,2025-04-25,4,Apr,Pre-monsoon,2379.4070156893295,Unsuitable,Poor-relative
2025-04-26,7.08,390.0,29.2,58.0,386,193,81.0,0.08,6.79,,,,,,,,,2025-04-26,4,Apr,Pre-monsoon,2983.5597455583993,Unsuitable,Poor-relative
2025-04-27,7.05,420.0,27.6,55.5,860,430,267.0,0.26,6.45,,,,,,,,,2025-04-27,4,Apr,Pre-monsoon,3212.179553799933,Unsuitable,Poor-relative
2025-04-28,7.1,485.0,28.5,57.0,500,250,143.0,0.14,6.53,,,,,,,,,2025-04-28,4,Apr,Pre-monsoon,3703.9232150142802,Unsuitable,Poor-relative
2025-04-29,7.03,443.0,28.3,53.5,376,188,78.0,0.08,6.65,,,,,,,,,2025-04-29,4,Apr,Pre-monsoon,3384.3592133081115,Unsuitable,Poor-relative
2025-04-30,7.12,530.0,28.8,58.5,420,210,115.0,0.11,6.62,,,,,,,,,2025-04-30,4,Apr,Pre-monsoon,4044.2491654612213,Unsuitable,Poor-relative
2025-05-01,7.09,520.0,29.3,56.0,340,170,71.0,0.07,6.66,0.65,38.9,0.62,16.0,0.49,1.05,0.011,0.49,2025-05-01,5,May,Pre-monsoon,3967.8063350765915,Unsuitable,Poor-relative
2025-05-02,7.12,570.0,29.5,61.0,420,210,119.0,0.12,6.57,0.92,49.2,0.75,13.0,0.35,1.08,0.015,0.63,2025-05-02,5,May,Pre-monsoon,4347.1295352546285,Unsuitable,Poor-relative
2025-05-03,7.17,380.0,29.2,65.0,340,170,69.0,0.07,6.64,1.28,25.6,0.48,16.0,0.58,0.99,0.009,0.57,2025-05-03,5,May,Pre-monsoon,2909.800671340083,Unsuitable,Poor-relative
2025-05-04,7.11,220.0,28.5,58.0,380,190,83.0,0.08,6.59,0.78,47.2,0.53,22.0,0.46,0.86,0.01,0.81,2025-05-04,5,May,Pre-monsoon,1698.494354808798,Unsuitable,Moderate-relative
2025-05-05,7.18,150.0,28.7,67.0,290,145,62.0,0.06,6.7,0.97,,0.6,15.0,0.7,0.95,0.008,0.77,2025-05-05,5,May,Pre-monsoon,1169.390404658581,Unsuitable,Good-relative
2025-05-06,7.23,185.0,29.5,70.0,578,289,172.0,0.17,6.52,1.13,,,,,,,,2025-05-06,5,May,Pre-monsoon,1436.1246170394274,Unsuitable,Good-relative
2025-05-07,7.2,120.0,30.1,64.0,312,156,65.0,0.06,6.63,1.67,,,,,,,,2025-05-07,5,May,Pre-monsoon,942.9716590630911,Unsuitable,Good-relative
2025-05-08,7.19,200.0,29.8,62.0,296,148,60.0,0.06,6.71,0.98,,,,,,,,2025-05-08,5,May,Pre-monsoon,1547.7961759578652,Unsuitable,Moderate-relative
2025-05-09,7.1,247.0,30.3,57.5,370,185,83.0,0.08,6.62,,,,,,,,,2025-05-09,5,May,Pre-monsoon,1902.5167111754017,Unsuitable,Moderate-relative
2025-05-10,7.17,289.0,29.5,63.0,398,199,93.0,0.09,6.67,,,,,,,,,2025-05-10,5,May,Pre-monsoon,2221.217440005935,Unsuitable,Moderate-relative
2025-05-11,7.14,274.0,30.1,60.0,362,181,79.0,0.08,6.59,,,,,,,,,2025-05-11,5,May,Pre-monsoon,2107.520169875005,Unsuitable,Moderate-relative
2025-05-12,7.09,350.0,28.8,55.0,294,147,65.0,0.06,6.62,,,,,,,,,2025-05-12,5,May,Pre-monsoon,2681.621241793702,Unsuitable,Poor-relative
2025-05-13,7.03,323.0,29.2,52.0,342,171,68.0,0.07,6.55,,,,,,,,,2025-05-13,5,May,Pre-monsoon,2476.7248878008977,Unsuitable,Poor-relative
2025-05-14,7.1,244.7,29.5,58.0,274,137,60.0,0.06,6.68,,,,,,,,,2025-05-14,5,May,Pre-monsoon,1884.7737769370574,Unsuitable,Moderate-relative
2025-05-15,7.05,370.0,28.9,55.0,246,123,54.0,0.05,6.65,,,,,,,,,2025-05-15,5,May,Pre-monsoon,2832.1878120247766,Unsuitable,Poor-relative
2025-05-16,7.08,396.0,28.5,56.5,534,267,150.0,0.15,6.58,,,,,,,,,2025-05-16,5,May,Pre-monsoon,3030.043972775491,Unsuitable,Poor-relative
2025-05-17,7.05,375.0,29.1,54.0,498,249,139.0,0.14,6.53,,,,,,,,,2025-05-17,5,May,Pre-monsoon,2870.841011090093,Unsuitable,Poor-relative
2025-05-18,7.01,281.0,29.7,52.5,580,290,162.0,0.16,6.48,,,,,,,,,2025-05-18,5,May,Pre-monsoon,2159.2885631096774,Unsuitable,Moderate-relative
2025-05-19,7.08,253.0,30.5,58.0,334,167,94.0,0.09,6.6,,,,,,,,,2025-05-19,5,May,Pre-monsoon,1947.7197507510848,Unsuitable,Moderate-relative
2025-05-20,7.15,238.0,32.0,64.0,410,205,115.0,0.11,6.45,,,,,,,,,2025-05-20,5,May,Pre-monsoon,1835.972831126442,Unsuitable,Moderate-relative
2025-05-21,7.18,199.0,31.5,67.0,286,143,57.0,0.06,6.71,,,,,,,,,2025-05-21,5,May,Pre-monsoon,1540.0921108267496,Unsuitable,Moderate-relative
2025-05-22,7.11,178.0,28.9,60.0,370,185,77.0,0.08,6.65,,,,,,,,,2025-05-22,5,May,Pre-monsoon,1380.4530507028671,Unsuitable,Good-relative
2025-05-23,7.03,220.0,28.5,55.0,346,173,75.0,0.07,6.65,,,,,,,,,2025-05-23,5,May,Pre-monsoon,1697.0197396239014,Unsuitable,Moderate-relative
2025-05-24,6.96,658.0,29.3,52.0,218,109,49.0,0.05,6.49,,,,,,,,,2025-05-24,5,May,Pre-monsoon,5011.184284707541,Unsuitable,Poor-relative
2025-05-25,7.03,265.0,31.3,57.0,252,126,57.0,0.06,6.58,,,,,,,,,2025-05-25,5,May,Pre-monsoon,2037.7068395089204,Unsuitable,Moderate-relative
2025-05-26,6.92,288.0,28.6,50.5,234,117,53.0,0.05,6.55,,,,,,,,,2025-05-26,5,May,Pre-monsoon,2211.35947665146,Unsuitable,Moderate-relative
2025-05-27,7.05,373.0,29.2,55.0,178,89,40.0,0.04,6.48,,,,,,,,,2025-05-27,5,May,Pre-monsoon,2855.4891176143324,Unsuitable,Poor-relative
2025-05-28,6.96,552.0,29.5,53.5,258,129,58.0,0.06,6.41,,,,,,,,,2025-05-28,5,May,Pre-monsoon,4209.50161900523,Unsuitable,Poor-relative
2025-05-29,6.89,300.0,28.8,51.5,320,160,72.0,0.07,6.5,,,,,,,,,2025-05-29,5,May,Pre-monsoon,2302.449109825304,Unsuitable,Poor-relative
2025-05-30,6.94,468.0,29.0,53.0,274,137,62.0,0.06,6.55,,,,,,,,,2025-05-30,5,May,Pre-monsoon,3573.3809576796116,Unsuitable,Poor-relative
2025-05-31,6.98,645.0,29.7,55.5,185,91,27.0,0.04,6.51,,,,,,,,,2025-05-31,5,May,Pre-monsoon,4912.677510107193,Unsuitable,Poor-relative
2025-06-01,6.98,350.0,29.3,52.0,186,94,28.0,0.03,6.54,1.92,38.8,0.98,13.0,0.55,1.19,0.019,0.55,2025-06-01,6,Jun,Monsoon,2680.4349764474614,Unsuitable,Poor-relative
2025-06-02,6.85,992.0,28.5,48.0,154,78,23.0,0.02,5.93,0.75,42.3,1.19,9.0,0.49,1.25,0.025,0.49,2025-06-02,6,Jun,Monsoon,7540.4760765550245,Unsuitable,Poor-relative
2025-06-03,6.9,520.0,27.4,50.0,89,45,14.0,0.01,6.42,0.95,55.7,1.24,18.0,0.37,1.08,0.01,0.66,2025-06-03,6,Jun,Monsoon,3967.1214124105186,Unsuitable,Poor-relative
2025-06-04,7.1,250.0,28.0,55.0,105,53,16.0,0.02,6.67,1.28,52.5,1.17,13.0,0.65,1.05,0.009,0.73,2025-06-04,6,Jun,Monsoon,1924.704640035607,Unsuitable,Moderate-relative
2025-06-05,7.05,228.0,29.1,52.5,91,46,14.0,0.01,6.81,2.13,,1.28,10.0,0.61,1.08,0.011,0.97,2025-06-05,6,Jun,Monsoon,1756.9252642706133,Unsuitable,Moderate-relative
2025-06-06,6.98,350.0,29.8,50.0,109,55,17.0,0.02,6.75,0.83,,,,,,,,2025-06-06,6,Jun,Monsoon,2679.535132228033,Unsuitable,Poor-relative
2025-06-07,6.92,343.0,28.5,48.5,97,49,15.0,0.01,6.72,1.2,,,,,,,,2025-06-07,6,Jun,Monsoon,2626.6702774377804,Unsuitable,Poor-relative
2025-06-08,6.97,435.0,29.7,53.0,133,67,20.0,0.02,6.61,0.91,,,,,,,,2025-06-08,6,Jun,Monsoon,3323.270420236638,Unsuitable,Poor-relative
2025-06-09,6.88,409.0,30.2,46.5,162,82,25.0,0.02,6.52,,,,,,,,,2025-06-09,6,Jun,Monsoon,3126.892235080301,Unsuitable,Poor-relative
2025-06-10,7.01,294.0,29.6,52.0,135,68,20.0,0.02,6.66,,,,,,,,,2025-06-10,6,Jun,Monsoon,2256.343392307407,Unsuitable,Moderate-relative
2025-06-11,7.05,250.0,28.4,55.0,117,59,18.0,0.02,6.73,,,,,,,,,2025-06-11,6,Jun,Monsoon,1923.736968213345,Unsuitable,Moderate-relative
2025-06-12,6.99,367.0,29.3,49.0,93,47,14.0,0.01,6.57,,,,,,,,,2025-06-12,6,Jun,Monsoon,2808.854871851934,Unsuitable,Poor-relative
2025-06-13,7.03,550.0,30.1,52.5,127,64,19.0,0.02,6.45,,,,,,,,,2025-06-13,6,Jun,Monsoon,4194.484153035867,Unsuitable,Poor-relative
2025-06-14,7.07,254.0,29.6,54.0,145,73,22.0,0.02,6.57,,,,,,,,,2025-06-14,6,Jun,Monsoon,1954.9481436148512,Unsuitable,Moderate-relative
2025-06-15,6.86,730.0,30.5,49.0,123,62,19.0,0.02,6.29,,,,,,,,,2025-06-15,6,Jun,Monsoon,5556.618827194837,Unsuitable,Poor-relative
2025-06-16,7.03,327.0,31.2,50.0,133,67,20.0,0.02,6.46,,,,,,,,,2025-06-16,6,Jun,Monsoon,2507.1120804124475,Unsuitable,Poor-relative
2025-06-17,7.05,400.0,29.5,56.0,119,60,18.0,0.02,6.31,,,,,,,,,2025-06-17,6,Jun,Monsoon,3060.370360891658,Unsuitable,Poor-relative
2025-06-18,7.01,465.0,30.1,50.0,105,53,16.0,0.02,6.25,,,,,,,,,2025-06-18,6,Jun,Monsoon,3551.795159675086,Unsuitable,Poor-relative
2025-06-19,6.94,419.0,28.6,48.5,137,69,21.0,0.02,6.19,,,,,,,,,2025-06-19,6,Jun,Monsoon,3203.8450892029227,Unsuitable,Poor-relative
2025-06-20,7.03,450.0,29.1,52.0,145,73,22.0,0.02,6.24,,,,,,,,,2025-06-20,6,Jun,Monsoon,3438.6767701494746,Unsuitable,Poor-relative
2025-06-21,6.95,478.0,28.6,49.0,129,65,20.0,0.02,6.17,,,,,,,,,2025-06-21,6,Jun,Monsoon,3650.3428285300993,Unsuitable,Poor-relative
2025-06-22,6.99,280.0,28.3,50.0,103,52,16.0,0.02,6.38,,,,,,,,,2025-06-22,6,Jun,Monsoon,2151.3340158006004,Unsuitable,Moderate-relative
2025-06-23,7.04,400.0,28.7,53.0,83,42,13.0,0.01,6.65,,,,,,,,,2025-06-23,6,Jun,Monsoon,3058.8391602685356,Unsuitable,Poor-relative
2025-06-24,6.99,318.0,26.9,50.0,111,56,17.0,0.02,6.6,,,,,,,,,2025-06-24,6,Jun,Monsoon,2437.9995029857946,Unsuitable,Poor-relative
2025-06-25,7.02,275.0,30.1,52.5,93,47,14.0,0.01,6.49,,,,,,,,,2025-06-25,6,Jun,Monsoon,2113.366805756463,Unsuitable,Moderate-relative
2025-06-26,6.95,290.0,29.4,48.0,75,38,11.0,0.01,6.84,,,,,,,,,2025-06-26,6,Jun,Monsoon,2225.1508771929825,Unsuitable,Moderate-relative
2025-06-27,6.99,326.0,28.4,50.0,129,65,20.0,0.02,6.68,,,,,,,,,2025-06-27,6,Jun,Monsoon,2498.2320017803495,Unsuitable,Poor-relative
2025-06-28,7.01,398.0,28.1,52.0,65,33,10.0,0.01,6.75,,,,,,,,,2025-06-28,6,Jun,Monsoon,3042.8463966470085,Unsuitable,Poor-relative
2025-06-29,6.93,450.0,27.6,46.5,83,42,13.0,0.01,6.48,,,,,,,,,2025-06-29,6,Jun,Monsoon,3437.209166944846,Unsuitable,Poor-relative
2025-06-30,6.95,300.0,28.3,48.0,99,50,15.0,0.02,6.59,,,,,,,,,2025-06-30,6,Jun,Monsoon,2301.8221319683994,Unsuitable,Moderate-relative
2025-07-01,6.91,630.0,27.5,48.0,81,41,11.0,0.01,6.05,2.37,49.4,1.38,36.0,0.87,1.33,0.049,1.92,2025-07-01,7,Jul,Monsoon,4800.871314120397,Unsuitable,Poor-relative
2025-07-02,6.85,333.0,27.2,47.0,67,34,10.0,0.01,6.42,1.65,62.7,1.45,43.0,1.03,1.57,0.073,1.67,2025-07-02,7,Jul,Monsoon,2552.154115203442,Unsuitable,Poor-relative
2025-07-03,6.86,291.0,29.4,45.5,127,64,18.0,0.02,6.57,1.08,58.6,1.31,61.0,1.19,1.26,0.016,2.09,2025-07-03,7,Jul,Monsoon,2233.810435443789,Unsuitable,Moderate-relative
2025-07-04,7.03,240.0,28.4,53.0,89,45,13.0,0.01,6.6,2.8,63.5,1.43,47.0,1.37,1.49,0.022,4.25,2025-07-04,7,Jul,Monsoon,1848.2525240161717,Unsuitable,Moderate-relative
2025-07-05,6.77,387.0,29.1,42.0,57,29,8.0,0.01,6.38,3.59,,1.56,40.0,2.31,1.65,0.095,2.59,2025-07-05,7,Jul,Monsoon,2960.8684544341827,Unsuitable,Poor-relative
2025-07-06,6.85,330.0,28.7,44.5,113,57,16.0,0.02,6.49,2.07,,,,,,,,2025-07-06,7,Jul,Monsoon,2529.2025388524166,Unsuitable,Poor-relative
2025-07-07,6.94,318.0,29.0,48.0,89,45,13.0,0.01,6.53,1.73,,,,,,,,2025-07-07,7,Jul,Monsoon,2438.2454767998224,Unsuitable,Poor-relative
2025-07-08,7.05,210.0,30.5,53.0,127,64,18.0,0.02,6.61,2.5,,,,,,,,2025-07-08,7,Jul,Monsoon,1621.544801750677,Unsuitable,Moderate-relative
2025-07-09,7.01,647.0,28.9,49.5,77,39,11.0,0.01,5.93,,,,,,,,,2025-07-09,7,Jul,Monsoon,4930.12840584548,Unsuitable,Poor-relative
2025-07-10,6.73,725.0,27.7,41.5,46,23,6.0,0.01,5.78,,,,,,,,,2025-07-10,7,Jul,Monsoon,5520.691927228219,Unsuitable,Poor-relative
2025-07-11,6.84,480.0,29.3,45.0,109,55,15.0,0.02,5.99,,,,,,,,,2025-07-11,7,Jul,Monsoon,3666.143540669856,Unsuitable,Poor-relative
2025-07-12,6.57,562.0,28.1,37.0,81,41,11.0,0.01,5.83,,,,,,,,,2025-07-12,7,Jul,Monsoon,4287.165312859316,Unsuitable,Poor-relative
2025-07-13,6.8,450.0,27.6,42.5,65,33,9.0,0.01,6.12,,,,,,,,,2025-07-13,7,Jul,Monsoon,3438.5900504432325,Unsuitable,Poor-relative
2025-07-14,7.1,223.0,30.2,55.0,97,49,14.0,0.01,6.68,,,,,,,,,2025-07-14,7,Jul,Monsoon,1720.3610585660772,Unsuitable,Moderate-relative
2025-07-15,7.02,210.0,26.8,50.0,135,68,19.0,0.02,6.57,,,,,,,,,2025-07-15,7,Jul,Monsoon,1621.2492155335483,Unsuitable,Moderate-relative
2025-07-16,6.97,250.0,29.9,49.0,77,39,11.0,0.01,6.49,,,,,,,,,2025-07-16,7,Jul,Monsoon,1923.8762731352695,Unsuitable,Moderate-relative
2025-07-17,7.05,335.0,30.5,54.0,99,50,14.0,0.01,6.36,,,,,,,,,2025-07-17,7,Jul,Monsoon,2568.322666073217,Unsuitable,Poor-relative
2025-07-18,7.08,206.0,29.7,56.0,83,42,12.0,0.01,6.53,,,,,,,,,2025-07-18,7,Jul,Monsoon,1592.0186009421016,Unsuitable,Moderate-relative
2025-07-19,6.83,240.0,28.6,45.0,67,34,10.0,0.01,6.28,,,,,,,,,2025-07-19,7,Jul,Monsoon,1849.0132821482885,Unsuitable,Moderate-relative
2025-07-20,6.91,476.0,29.4,47.5,77,39,11.0,0.01,6.39,,,,,,,,,2025-07-20,7,Jul,Monsoon,3634.2888598345758,Unsuitable,Poor-relative
2025-07-21,6.98,310.0,28.0,52.0,93,47,13.0,0.01,6.5,,,,,,,,,2025-07-21,7,Jul,Monsoon,2377.8522532547013,Unsuitable,Poor-relative
2025-07-22,7.02,350.0,28.5,52.0,109,55,15.0,0.02,6.62,,,,,,,,,2025-07-22,7,Jul,Monsoon,2680.3475761284813,Unsuitable,Poor-relative
2025-07-23,6.88,435.0,28.0,46.5,73,37,10.0,0.01,6.45,,,,,,,,,2025-07-23,7,Jul,Monsoon,3323.8172564074034,Unsuitable,Poor-relative
2025-07-24,6.97,318.0,29.6,49.0,57,29,8.0,0.01,6.51,,,,,,,,,2025-07-24,7,Jul,Monsoon,2438.301784058455,Unsuitable,Poor-relative
2025-07-25,6.85,460.0,29.3,45.0,95,48,13.0,0.01,6.33,,,,,,,,,2025-07-25,7,Jul,Monsoon,3513.462594117429,Unsuitable,Poor-relative
2025-07-26,6.35,658.0,27.9,38.0,50,25,7.0,0.01,6.07,,,,,,,,,2025-07-26,7,Jul,Monsoon,5012.58257112125,Unsuitable,Poor-relative
2025-07-27,6.57,630.0,28.5,41.0,30,15,4.0,0.0,6.19,,,,,,,,,2025-07-27,7,Jul,Monsoon,4800.245628871334,Unsuitable,Poor-relative
2025-07-28,6.84,510.0,29.1,47.5,44,22,6.0,0.01,6.46,,,,,,,,,2025-07-28,7,Jul,Monsoon,3891.2454897815364,Unsuitable,Poor-relative
2025-07-29,6.8,492.0,28.4,45.0,34,17,5.0,0.0,6.57,,,,,,,,,2025-07-29,7,Jul,Monsoon,3754.596632172397,Unsuitable,Poor-relative
2025-07-30,6.85,455.0,29.6,46.5,50,25,7.0,0.01,6.65,,,,,,,,,2025-07-30,7,Jul,Monsoon,3474.3406197841327,Unsuitable,Poor-relative
2025-07-31,6.71,428.0,30.1,45.0,61,31,9.0,0.01,6.49,,,,,,,,,2025-07-31,7,Jul,Monsoon,3270.6795667816477,Unsuitable,Poor-relative
2025-08-01,6.8,250.0,29.6,45.0,50,25,7.0,0.01,6.62,2.31,53.3,1.69,47.0,2.16,1.85,0.052,3.05,2025-08-01,8,Aug,Monsoon,1923.3223433848896,Unsuitable,Moderate-relative
2025-08-02,6.77,290.0,30.1,38.5,94,47,13.0,0.01,6.49,2.07,50.1,1.84,55.0,1.79,2.5,0.106,4.16,2025-08-02,8,Aug,Monsoon,2226.4981213604838,Unsuitable,Moderate-relative
2025-08-03,6.95,220.0,28.4,46.0,76,38,11.0,0.01,6.7,1.91,46.8,1.45,38.0,1.5,2.22,0.098,4.29,2025-08-03,8,Aug,Monsoon,1696.0391973591486,Unsuitable,Moderate-relative
2025-08-04,6.98,300.0,29.7,49.0,70,35,10.0,0.01,6.5,2.05,49.3,1.27,29.0,2.03,1.93,0.009,4.1,2025-08-04,8,Aug,Monsoon,2302.1550573049963,Unsuitable,Poor-relative
2025-08-05,6.91,254.0,28.6,44.0,48,24,7.0,0.01,6.45,1.66,,1.12,35.0,1.41,1.78,0.03,2.83,2025-08-05,8,Aug,Monsoon,1954.2527465598457,Unsuitable,Moderate-relative
2025-08-06,6.96,270.0,28.0,47.0,62,31,9.0,0.01,6.71,0.87,,,,,,,,2025-08-06,8,Aug,Monsoon,2074.3174140425062,Unsuitable,Moderate-relative
2025-08-07,6.78,550.0,29.5,40.0,34,17,5.0,0.0,6.24,1.45,,,,,,,,2025-08-07,8,Aug,Monsoon,4194.729602017731,Unsuitable,Poor-relative
2025-08-08,6.63,773.0,27.6,38.0,40,20,6.0,0.01,5.97,1.39,,,,,,,,2025-08-08,8,Aug,Monsoon,5883.115615147806,Unsuitable,Poor-relative
2025-08-09,6.79,570.0,27.4,40.0,50,25,7.0,0.01,6.38,,,,,,,,,2025-08-09,8,Aug,Monsoon,4345.5196839879845,Unsuitable,Poor-relative
2025-08-10,6.85,220.0,28.0,44.0,38,19,5.0,0.01,6.66,,,,,,,,,2025-08-10,8,Aug,Monsoon,1696.1548384703833,Unsuitable,Moderate-relative
2025-08-11,6.95,248.0,29.9,48.0,80,40,11.0,0.01,6.41,,,,,,,,,2025-08-11,8,Aug,Monsoon,1909.0546010904643,Unsuitable,Moderate-relative
2025-08-12,6.88,300.0,28.6,42.0,64,32,9.0,0.01,6.5,,,,,,,,,2025-08-12,8,Aug,Monsoon,2302.116657394014,Unsuitable,Moderate-relative
2025-08-13,6.81,409.0,28.3,40.5,36,18,5.0,0.01,6.12,,,,,,,,,2025-08-13,8,Aug,Monsoon,3128.3312544045098,Unsuitable,Poor-relative
2025-08-14,6.92,150.0,29.0,45.0,54,27,8.0,0.01,6.6,,,,,,,,,2025-08-14,8,Aug,Monsoon,1166.7572085605136,Unsuitable,Good-relative
2025-08-15,7.03,296.0,29.5,55.0,84,42,12.0,0.01,6.52,,,,,,,,,2025-08-15,8,Aug,Monsoon,2272.29511145729,Unsuitable,Moderate-relative
2025-08-16,7.01,225.0,28.4,50.0,66,33,9.0,0.01,6.59,,,,,,,,,2025-08-16,8,Aug,Monsoon,1734.4625607358778,Unsuitable,Moderate-relative
2025-08-17,7.01,100.0,28.1,52.0,96,48,13.0,0.01,6.72,,,,,,,,,2025-08-17,8,Aug,Monsoon,788.1725455287267,Unsuitable,Good-relative
2025-08-18,7.05,155.0,27.7,56.0,114,57,16.0,0.02,6.54,,,,,,,,,2025-08-18,8,Aug,Monsoon,1205.6668298653613,Unsuitable,Good-relative
2025-08-19,6.96,190.0,29.5,48.0,90,45,13.0,0.01,6.59,,,,,,,,,2025-08-19,8,Aug,Monsoon,1469.4989540447314,Unsuitable,Good-relative
2025-08-20,7.08,170.0,28.0,56.0,74,37,10.0,0.01,6.71,,,,,,,,,2025-08-20,8,Aug,Monsoon,1318.9059493342236,Unsuitable,Good-relative
2025-08-21,7.01,155.0,29.5,52.0,56,28,8.0,0.01,6.55,,,,,,,,,2025-08-21,8,Aug,Monsoon,1204.968899521531,Unsuitable,Good-relative
2025-08-22,6.86,443.0,28.5,44.0,38,19,5.0,0.01,6.47,,,,,,,,,2025-08-22,8,Aug,Monsoon,3384.2297429620558,Unsuitable,Poor-relative
2025-08-23,6.82,350.0,29.9,42.0,62,31,9.0,0.01,6.35,,,,,,,,,2025-08-23,8,Aug,Monsoon,2681.0312785134083,Unsuitable,Poor-relative
2025-08-24,6.82,330.0,27.7,40.0,40,20,6.0,0.01,6.51,,,,,,,,,2025-08-24,8,Aug,Monsoon,2529.044178628389,Unsuitable,Poor-relative
2025-08-25,6.85,230.0,29.0,46.0,56,28,8.0,0.01,6.45,,,,,,,,,2025-08-25,8,Aug,Monsoon,1772.6726197099513,Unsuitable,Moderate-relative
2025-08-26,6.83,310.0,28.2,40.0,42,21,6.0,0.01,6.6,,,,,,,,,2025-08-26,8,Aug,Monsoon,2377.3605578428105,Unsuitable,Poor-relative
2025-08-27,6.92,285.0,30.0,50.0,68,34,10.0,0.01,6.55,,,,,,,,,2025-08-27,8,Aug,Monsoon,2188.4647119913952,Unsuitable,Moderate-relative
2025-08-28,6.9,200.0,27.8,46.0,52,26,7.0,0.01,6.48,,,,,,,,,2025-08-28,8,Aug,Monsoon,1545.5553058120988,Unsuitable,Moderate-relative
2025-08-29,6.95,268.0,29.2,50.0,80,40,11.0,0.01,6.63,,,,,,,,,2025-08-29,8,Aug,Monsoon,2059.5267645858835,Unsuitable,Moderate-relative
2025-08-30,6.82,215.0,28.5,42.0,54,27,8.0,0.01,6.52,,,,,,,,,2025-08-30,8,Aug,Monsoon,1658.8798115796892,Unsuitable,Moderate-relative
2025-08-31,6.9,195.0,27.5,46.0,60,30,8.0,0.01,6.66,,,,,,,,,2025-08-31,8,Aug,Monsoon,1507.0195764252067,Unsuitable,Good-relative
2025-09-01,7.01,165.0,28.0,53.0,70,35,10.0,0.01,6.71,1.15,40.6,0.94,29.0,0.98,1.44,0.009,3.28,2025-09-01,9,Sep,Monsoon,1280.0192871184304,Unsuitable,Good-relative
2025-09-02,6.97,140.0,27.3,48.0,84,42,12.0,0.01,6.65,0.82,37.3,1.09,34.0,1.29,1.53,0.01,2.65,2025-09-02,9,Sep,Monsoon,1090.9329587181485,Unsuitable,Good-relative
2025-09-03,6.99,149.0,26.7,49.5,46,23,7.0,0.01,6.43,1.08,35.1,1.23,49.0,1.67,1.25,0.03,2.83,2025-09-03,9,Sep,Monsoon,1159.8759003746154,Unsuitable,Good-relative
2025-09-04,7.04,100.0,26.3,55.0,56,28,8.0,0.01,6.69,1.79,42.7,0.85,17.0,1.55,1.31,0.022,2.5,2025-09-04,9,Sep,Monsoon,788.7197804235748,Unsuitable,Good-relative
2025-09-05,6.9,230.0,28.4,48.0,46,23,7.0,0.01,6.5,0.76,,0.69,28.0,1.71,1.25,0.014,4.2,2025-09-05,9,Sep,Monsoon,1772.47822410148,Unsuitable,Moderate-relative
2025-09-06,6.96,110.0,25.9,48.0,58,29,8.0,0.01,6.83,0.87,,,,,,,,2025-09-06,9,Sep,Monsoon,863.2071102703907,Unsuitable,Good-relative
2025-09-07,6.89,274.0,28.2,46.0,52,26,8.0,0.01,6.49,0.55,,,,,,,,2025-09-07,9,Sep,Monsoon,2105.438807907719,Unsuitable,Moderate-relative
2025-09-08,6.87,285.0,29.5,45.0,66,33,10.0,0.01,6.72,1.11,,,,,,,,2025-09-08,9,Sep,Monsoon,2187.7703608916586,Unsuitable,Moderate-relative
2025-09-09,6.83,320.0,25.8,43.0,42,21,6.0,0.01,6.5,,,,,,,,,2025-09-09,9,Sep,Monsoon,2453.4336819850896,Unsuitable,Poor-relative
2025-09-10,6.78,710.0,29.0,40.0,30,15,4.0,0.0,6.35,,,,,,,,,2025-09-10,9,Sep,Monsoon,5404.929153221321,Unsuitable,Poor-relative
2025-09-11,6.75,580.0,25.4,40.0,46,23,7.0,0.01,6.46,,,,,,,,,2025-09-11,9,Sep,Monsoon,4420.867749712549,Unsuitable,Poor-relative
2025-09-12,6.94,350.0,26.7,48.0,80,40,12.0,0.01,6.68,,,,,,,,,2025-09-12,9,Sep,Monsoon,2679.775052854123,Unsuitable,Poor-relative
2025-09-13,7.01,200.0,25.5,52.0,90,45,13.0,0.01,6.63,,,,,,,,,2025-09-13,9,Sep,Monsoon,1545.1734468306072,Unsuitable,Moderate-relative
2025-09-14,6.92,188.0,26.2,47.0,52,26,8.0,0.01,6.5,,,,,,,,,2025-09-14,9,Sep,Monsoon,1454.6864248358738,Unsuitable,Good-relative
2025-09-15,7.03,150.0,25.5,55.0,36,18,5.0,0.01,6.58,,,,,,,,,2025-09-15,9,Sep,Monsoon,1167.3125143726127,Unsuitable,Good-relative
2025-09-16,6.98,170.0,28.1,50.0,26,13,4.0,0.0,6.52,,,,,,,,,2025-09-16,9,Sep,Monsoon,1318.4031230295614,Unsuitable,Good-relative
2025-09-17,7.01,162.0,25.4,54.0,100,50,15.0,0.01,6.55,,,,,,,,,2025-09-17,9,Sep,Monsoon,1257.9815845109604,Unsuitable,Good-relative
2025-09-18,6.99,130.0,24.8,50.0,62,31,9.0,0.01,6.51,,,,,,,,,2025-09-18,9,Sep,Monsoon,1015.8118875412633,Unsuitable,Good-relative
2025-09-19,7.05,120.0,26.3,56.0,50,25,7.0,0.01,6.59,,,,,,,,,2025-09-19,9,Sep,Monsoon,940.59136159638,Unsuitable,Good-relative
2025-09-20,6.97,226.0,25.4,50.0,20,10,3.0,0.0,6.43,,,,,,,,,2025-09-20,9,Sep,Monsoon,1742.4756611401656,Unsuitable,Moderate-relative
2025-09-21,6.91,170.0,24.7,48.0,26,13,4.0,0.0,6.5,,,,,,,,,2025-09-21,9,Sep,Monsoon,1318.4724824746859,Unsuitable,Good-relative
2025-09-22,6.9,360.0,25.3,48.0,56,28,8.0,0.01,6.47,,,,,,,,,2025-09-22,9,Sep,Monsoon,2756.246300211417,Unsuitable,Poor-relative
2025-09-23,6.88,318.0,26.4,45.0,48,24,7.0,0.01,6.5,,,,,,,,,2025-09-23,9,Sep,Monsoon,2438.3154667853573,Unsuitable,Poor-relative
2025-09-24,6.85,255.0,27.5,44.0,54,27,8.0,0.01,6.54,,,,,,,,,2025-09-24,9,Sep,Monsoon,1961.4698490412075,Unsuitable,Moderate-relative
2025-09-25,6.93,210.0,28.5,49.0,30,15,4.0,0.0,6.47,,,,,,,,,2025-09-25,9,Sep,Monsoon,1621.2563480583065,Unsuitable,Moderate-relative
2025-09-26,7.04,180.0,27.7,55.0,24,12,3.0,0.0,6.55,,,,,,,,,2025-09-26,9,Sep,Monsoon,1394.5630577500838,Unsuitable,Good-relative
2025-09-27,7.07,162.0,28.1,58.0,38,19,6.0,0.01,6.42,,,,,,,,,2025-09-27,9,Sep,Monsoon,1259.3522940543746,Unsuitable,Good-relative
2025-09-28,6.97,230.0,29.0,52.0,52,26,8.0,0.01,6.48,,,,,,,,,2025-09-28,9,Sep,Monsoon,1772.58125440451,Unsuitable,Moderate-relative
2025-09-29,7.1,180.0,29.3,56.0,24,12,3.0,0.0,6.56,,,,,,,,,2025-09-29,9,Sep,Monsoon,1395.4185527243058,Unsuitable,Good-relative
2025-09-30,7.04,145.0,26.8,53.5,50,25,7.0,0.01,6.61,,,,,,,,,2025-09-30,9,Sep,Monsoon,1129.5144820295984,Unsuitable,Good-relative
2025-10-01,7.07,98.0,25.7,55.0,62,31,9.0,0.01,6.67,0.88,35.3,0.75,16.0,1.05,1.19,0.01,3.08,2025-10-01,10,Oct,Post-monsoon,774.1160120173583,Unsuitable,Good-relative
2025-10-02,7.02,135.0,26.4,53.0,76,38,11.0,0.01,6.51,1.02,28.8,0.81,25.0,1.19,1.2,0.009,1.95,2025-10-02,10,Oct,Post-monsoon,1053.966573940136,Unsuitable,Good-relative
2025-10-03,6.99,100.0,25.9,52.0,48,24,7.0,0.01,6.72,0.69,37.5,0.69,29.0,0.91,1.15,0.006,2.28,2025-10-03,10,Oct,Post-monsoon,787.9878639516339,Unsuitable,Good-relative
2025-10-04,6.85,130.0,26.3,47.0,38,19,6.0,0.01,6.49,0.54,43.8,0.73,32.0,1.35,1.25,0.015,2.07,2025-10-04,10,Oct,Post-monsoon,1015.8583583694967,Unsuitable,Good-relative
2025-10-05,6.98,188.0,25.9,50.0,44,22,7.0,0.01,6.72,1.18,,0.55,15.0,1.23,0.97,0.008,2.33,2025-10-05,10,Oct,Post-monsoon,1453.8275657431104,Unsuitable,Good-relative
2025-10-06,7.1,170.0,26.6,54.0,68,34,10.0,0.01,6.59,0.93,,,,,,,,2025-10-06,10,Oct,Post-monsoon,1319.6638514891886,Unsuitable,Good-relative
2025-10-07,6.88,800.0,25.5,48.0,32,16,5.0,0.0,6.65,0.85,,,,,,,,2025-10-07,10,Oct,Post-monsoon,6084.772148659175,Unsuitable,Poor-relative
2025-10-08,6.82,720.0,26.8,45.0,42,21,6.0,0.01,6.57,1.01,,,,,,,,2025-10-08,10,Oct,Post-monsoon,5479.7612477282,Unsuitable,Poor-relative
2025-10-09,6.9,550.0,25.9,50.0,58,29,9.0,0.01,6.48,,,,,,,,,2025-10-09,10,Oct,Post-monsoon,4193.852268090946,Unsuitable,Poor-relative
2025-10-10,6.96,242.0,25.7,52.0,30,15,5.0,0.0,6.65,,,,,,,,,2025-10-10,10,Oct,Post-monsoon,1862.6917213753197,Unsuitable,Moderate-relative
2025-10-11,7.08,250.0,25.4,55.0,36,18,5.0,0.01,6.57,,,,,,,,,2025-10-11,10,Oct,Post-monsoon,1924.7422276621787,Unsuitable,Moderate-relative
2025-10-12,7.03,220.0,25.8,53.0,34,17,5.0,0.01,6.49,,,,,,,,,2025-10-12,10,Oct,Post-monsoon,1697.310923185342,Unsuitable,Moderate-relative
2025-10-13,6.99,90.0,24.7,51.5,38,19,6.0,0.01,6.45,,,,,,,,,2025-10-13,10,Oct,Post-monsoon,713.3778773042544,Unsuitable,Good-relative
2025-10-14,7.1,105.0,25.5,58.0,30,15,5.0,0.0,6.78,,,,,,,,,2025-10-14,10,Oct,Post-monsoon,827.0829716998627,Unsuitable,Good-relative
2025-10-15,7.05,235.0,26.2,55.0,46,23,7.0,0.01,6.95,,,,,,,,,2025-10-15,10,Oct,Post-monsoon,1809.3121694299175,Unsuitable,Moderate-relative
2025-10-16,7.14,178.0,26.0,58.0,36,18,5.0,0.01,7.03,,,,,,,,,2025-10-16,10,Oct,Post-monsoon,1379.046871406847,Unsuitable,Good-relative
2025-10-17,7.09,315.0,25.6,55.0,30,15,5.0,0.0,6.88,,,,,,,,,2025-10-17,10,Oct,Post-monsoon,2415.4881680946555,Unsuitable,Poor-relative
2025-10-18,7.12,220.0,24.5,60.0,38,19,6.0,0.01,7.12,,,,,,,,,2025-10-18,10,Oct,Post-monsoon,1696.2010756277587,Unsuitable,Moderate-relative
2025-10-19,7.19,150.0,26.3,64.0,26,13,4.0,0.0,7.07,,,,,,,,,2025-10-19,10,Oct,Post-monsoon,1167.7910351989913,Unsuitable,Good-relative
2025-10-20,7.15,180.0,26.1,62.0,36,18,5.0,0.01,6.75,,,,,,,,,2025-10-20,10,Oct,Post-monsoon,1395.4505656318388,Unsuitable,Good-relative
2025-10-21,7.12,85.0,25.4,60.0,26,13,4.0,0.0,7.13,,,,,,,,,2025-10-21,10,Oct,Post-monsoon,674.6756092133081,Unsuitable,Good-relative
2025-10-22,7.21,220.0,26.8,62.5,38,19,6.0,0.01,6.84,,,,,,,,,2025-10-22,10,Oct,Post-monsoon,1698.6516060235156,Unsuitable,Moderate-relative
2025-10-23,7.15,162.0,24.5,62.0,46,23,7.0,0.01,6.96,,,,,,,,,2025-10-23,10,Oct,Post-monsoon,1258.4360891658323,Unsuitable,Good-relative
2025-10-24,7.19,195.0,23.9,60.0,82,41,12.0,0.01,7.02,,,,,,,,,2025-10-24,10,Oct,Post-monsoon,1508.506383294388,Unsuitable,Good-relative
2025-10-25,6.98,130.0,23.8,53.0,46,23,7.0,0.01,6.99,,,,,,,,,2025-10-25,10,Oct,Post-monsoon,1013.9223470939506,Unsuitable,Good-relative
2025-10-26,7.12,270.0,24.9,59.0,28,14,4.0,0.0,6.65,,,,,,,,,2025-10-26,10,Oct,Post-monsoon,2076.3629687326143,Unsuitable,Moderate-relative
2025-10-27,7.2,100.0,25.0,62.0,38,19,6.0,0.01,6.99,,,,,,,,,2025-10-27,10,Oct,Post-monsoon,789.9315566930012,Unsuitable,Good-relative
2025-10-28,7.16,180.0,26.1,61.0,34,17,5.0,0.01,6.76,,,,,,,,,2025-10-28,10,Oct,Post-monsoon,1395.554033604095,Unsuitable,Good-relative
2025-10-29,7.11,70.0,25.7,57.5,30,15,5.0,0.0,7.13,,,,,,,,,2025-10-29,10,Oct,Post-monsoon,561.022690182115,Unsuitable,Good-relative
2025-10-30,7.2,50.8,26.1,63.0,26,13,4.0,0.0,7.15,,,,,,,,,2025-10-30,10,Oct,Post-monsoon,417.02409406179294,Unsuitable,Good-relative
2025-10-31,7.15,83.5,24.9,62.0,32,16,5.0,0.0,7.05,,,,,,,,,2025-10-31,10,Oct,Post-monsoon,664.1009940284115,Unsuitable,Good-relative
2025-11-01,7.14,112.0,24.3,57.0,66,33,11.0,0.01,7.1,0.53,33.5,0.51,31.0,1.03,0.65,0.01,2.21,2025-11-01,11,Nov,Post-monsoon,879.4077853195357,Unsuitable,Good-relative
2025-11-02,7.19,180.0,25.5,60.0,82,41,13.0,0.01,7.06,0.66,38.6,0.6,18.0,0.75,0.59,0.005,1.89,2025-11-02,11,Nov,Post-monsoon,1394.8545009458103,Unsuitable,Good-relative
2025-11-03,7.13,195.0,26.0,56.0,50,25,8.0,0.01,6.99,0.57,25.9,0.48,29.0,0.68,0.71,0.008,2.37,2025-11-03,11,Nov,Post-monsoon,1507.6913059604615,Unsuitable,Good-relative
2025-11-04,6.98,120.0,25.8,52.0,42,21,7.0,0.01,7.02,1.05,22.3,0.52,35.0,0.81,0.85,0.006,2.49,2025-11-04,11,Nov,Post-monsoon,938.133029190312,Unsuitable,Good-relative
2025-11-05,7.09,184.0,25.3,54.0,30,15,5.0,0.0,6.95,0.91,,0.63,28.0,0.75,0.76,0.01,1.96,2025-11-05,11,Nov,Post-monsoon,1423.9980527428509,Unsuitable,Good-relative
2025-11-06,7.15,144.0,26.1,56.0,24,12,4.0,0.0,7.08,0.69,,,,,,,,2025-11-06,11,Nov,Post-monsoon,1121.7206780163945,Unsuitable,Good-relative
2025-11-07,6.99,270.0,24.7,52.0,38,19,6.0,0.01,6.75,0.5,,,,,,,,2025-11-07,11,Nov,Post-monsoon,2074.1652646415196,Unsuitable,Moderate-relative
2025-11-08,7.05,400.0,24.5,54.0,24,12,4.0,0.0,6.88,0.72,,,,,,,,2025-11-08,11,Nov,Post-monsoon,3058.0359111308926,Unsuitable,Poor-relative
2025-11-09,7.13,293.0,23.9,53.0,46,23,7.0,0.01,6.95,,,,,,,,,2025-11-09,11,Nov,Post-monsoon,2249.345736434109,Unsuitable,Moderate-relative
2025-11-10,7.22,320.0,26.7,62.0,52,26,8.0,0.01,6.92,,,,,,,,,2025-11-10,11,Nov,Post-monsoon,2455.1421757353214,Unsuitable,Poor-relative
2025-11-11,7.17,145.0,26.1,60.0,62,31,10.0,0.01,7.15,,,,,,,,,2025-11-11,11,Nov,Post-monsoon,1129.3594785059902,Unsuitable,Good-relative
2025-11-12,7.19,270.0,25.7,61.0,40,20,6.0,0.01,7.07,,,,,,,,,2025-11-12,11,Nov,Post-monsoon,2075.766388487074,Unsuitable,Moderate-relative
2025-11-13,7.14,75.8,25.9,58.0,34,17,5.0,0.01,7.01,,,,,,,,,2025-11-13,11,Nov,Post-monsoon,605.8301732131599,Unsuitable,Good-relative
2025-11-14,7.23,120.0,24.6,62.0,50,25,8.0,0.01,7.15,,,,,,,,,2025-11-14,11,Nov,Post-monsoon,941.0863951633842,Unsuitable,Good-relative
2025-11-15,7.19,147.0,27.1,58.0,92,46,15.0,0.01,7.12,,,,,,,,,2025-11-15,11,Nov,Post-monsoon,1144.9244241682431,Unsuitable,Good-relative
2025-11-16,7.25,85.0,25.5,62.5,122,61,20.0,0.02,7.15,,,,,,,,,2025-11-16,11,Nov,Post-monsoon,676.6220707688884,Unsuitable,Good-relative
2025-11-17,7.28,100.0,25.8,66.0,170,85,27.0,0.03,7.1,,,,,,,,,2025-11-17,11,Nov,Post-monsoon,790.8173732428323,Unsuitable,Good-relative
2025-11-18,7.23,148.0,24.6,62.0,204,102,38.0,0.04,7.02,,,,,,,,,2025-11-18,11,Nov,Post-monsoon,1153.6093468343165,Unsuitable,Good-relative
2025-11-19,7.18,159.0,25.5,60.0,138,69,22.0,0.02,7.08,,,,,,,,,2025-11-19,11,Nov,Post-monsoon,1235.7795630725864,Unsuitable,Good-relative
2025-11-20,7.13,130.0,25.9,58.0,104,52,17.0,0.02,7.09,,,,,,,,,2025-11-20,11,Nov,Post-monsoon,1015.5328251919439,Unsuitable,Good-relative
2025-11-21,7.16,165.0,24.5,60.0,78,39,12.0,0.01,7.14,,,,,,,,,2025-11-21,11,Nov,Post-monsoon,1280.5923296613628,Unsuitable,Good-relative
2025-11-22,7.09,120.0,23.8,56.0,56,28,9.0,0.01,7.11,,,,,,,,,2025-11-22,11,Nov,Post-monsoon,939.143878194429,Unsuitable,Good-relative
2025-11-23,7.17,192.0,25.0,58.0,46,23,7.0,0.01,7.03,,,,,,,,,2025-11-23,11,Nov,Post-monsoon,1485.4325841029638,Unsuitable,Good-relative
2025-11-24,7.14,130.0,24.6,56.0,30,15,5.0,0.0,7.05,,,,,,,,,2025-11-24,11,Nov,Post-monsoon,1015.7650495159676,Unsuitable,Good-relative
2025-11-25,7.18,152.0,23.9,58.0,54,27,9.0,0.01,7.2,,,,,,,,,2025-11-25,11,Nov,Post-monsoon,1182.260680241831,Unsuitable,Good-relative
2025-11-26,7.25,100.0,24.2,62.0,66,33,11.0,0.01,7.1,,,,,,,,,2025-11-26,11,Nov,Post-monsoon,790.2655984570306,Unsuitable,Good-relative
2025-11-27,7.2,91.5,25.3,60.0,84,42,13.0,0.01,7.15,,,,,,,,,2025-11-27,11,Nov,Post-monsoon,725.0150254070696,Unsuitable,Good-relative
2025-11-28,7.17,75.0,24.5,58.0,118,59,19.0,0.02,7.03,,,,,,,,,2025-11-28,11,Nov,Post-monsoon,600.2174066243834,Unsuitable,Good-relative
2025-11-29,7.24,88.0,22.8,63.0,144,72,23.0,0.02,6.99,,,,,,,,,2025-11-29,11,Nov,Post-monsoon,699.8234709395053,Unsuitable,Good-relative
2025-11-30,7.28,70.0,23.6,65.0,80,40,13.0,0.01,7.07,,,,,,,,,2025-11-30,11,Nov,Post-monsoon,563.8599013389712,Unsuitable,Good-relative
2025-12-01,7.23,160.0,22.7,62.0,66,33,10.0,0.01,7.04,0.78,25.8,0.39,43.0,0.82,0.62,0.004,1.67,2025-12-01,12,Dec,Post-monsoon,1244.1913949779312,Unsuitable,Good-relative
2025-12-02,7.2,115.0,22.1,58.0,80,40,12.0,0.01,7.1,0.83,26.5,0.74,55.0,0.59,0.55,0.009,2.2,2025-12-02,12,Dec,Post-monsoon,903.0104669708097,Unsuitable,Good-relative
2025-12-03,7.25,183.0,24.3,64.0,46,23,7.0,0.01,7.03,0.69,33.1,0.61,17.0,0.65,0.43,0.005,1.93,2025-12-03,12,Dec,Post-monsoon,1418.5494937131414,Unsuitable,Good-relative
2025-12-04,7.3,230.0,23.5,65.0,94,47,14.0,0.01,6.99,0.51,27.4,0.45,32.0,0.7,0.51,0.008,1.6,2025-12-04,12,Dec,Post-monsoon,1775.1178072029973,Unsuitable,Moderate-relative
2025-12-05,7.25,178.0,23.8,60.0,164,82,25.0,0.02,7.05,0.6,,0.6,35.0,0.49,0.39,0.005,1.35,2025-12-05,12,Dec,Post-monsoon,1380.7184562887135,Unsuitable,Good-relative
2025-12-06,7.19,330.0,20.9,58.0,138,69,21.0,0.02,7.02,0.49,,,,,,,,2025-12-06,12,Dec,Post-monsoon,2530.02081525166,Unsuitable,Poor-relative
2025-12-07,7.25,290.0,24.1,61.5,90,45,14.0,0.01,6.97,0.55,,,,,,,,2025-12-07,12,Dec,Post-monsoon,2228.425842884166,Unsuitable,Moderate-relative
2025-12-08,7.28,210.0,23.3,62.5,168,84,25.0,0.03,7.12,0.75,,,,,,,,2025-12-08,12,Dec,Post-monsoon,1623.028535662624,Unsuitable,Moderate-relative
2025-12-09,7.29,230.0,23.8,64.0,310,155,62.0,0.06,6.89,,,,,,,,,2025-12-09,12,Dec,Post-monsoon,1775.5857980045253,Unsuitable,Moderate-relative
2025-12-10,7.22,180.0,22.8,60.0,242,121,48.0,0.05,6.96,,,,,,,,,2025-12-10,12,Dec,Post-monsoon,1395.8601387188903,Unsuitable,Good-relative
2025-12-11,7.28,125.0,22.5,62.0,290,145,58.0,0.06,7.05,,,,,,,,,2025-12-11,12,Dec,Post-monsoon,980.296847297949,Unsuitable,Good-relative
2025-12-12,7.35,80.0,23.0,65.0,348,174,70.0,0.07,6.81,,,,,,,,,2025-12-12,12,Dec,Post-monsoon,641.8618226326918,Unsuitable,Good-relative
2025-12-13,7.29,100.0,23.3,64.0,180,90,27.0,0.03,7.25,,,,,,,,,2025-12-13,12,Dec,Post-monsoon,790.368929194021,Unsuitable,Good-relative
2025-12-14,7.31,74.0,22.7,65.0,240,120,48.0,0.05,7.18,,,,,,,,,2025-12-14,12,Dec,Post-monsoon,594.3038945142985,Unsuitable,Good-relative
2025-12-15,7.42,60.0,22.9,68.0,196,98,29.0,0.03,7.15,,,,,,,,,2025-12-15,12,Dec,Post-monsoon,490.06335447498236,Unsuitable,Good-relative
2025-12-16,7.35,50.3,24.3,65.5,144,72,22.0,0.02,7.24,,,,,,,,,2025-12-16,12,Dec,Post-monsoon,415.22255294684913,Unsuitable,Good-relative
2025-12-17,7.4,120.0,25.0,68.0,170,85,26.0,0.03,7.11,,,,,,,,,2025-12-17,12,Dec,Post-monsoon,943.8944438262674,Unsuitable,Good-relative
2025-12-18,7.33,120.0,23.8,62.5,182,91,27.0,0.03,7.15,,,,,,,,,2025-12-18,12,Dec,Post-monsoon,942.6798282704647,Unsuitable,Good-relative
2025-12-19,7.36,149.0,24.3,66.0,214,107,43.0,0.04,7.12,,,,,,,,,2025-12-19,12,Dec,Post-monsoon,1162.7482882682393,Unsuitable,Good-relative
2025-12-20,7.27,110.0,23.5,62.0,196,98,30.0,0.03,7.09,,,,,,,,,2025-12-20,12,Dec,Post-monsoon,866.373268795668,Unsuitable,Good-relative
2025-12-21,7.2,116.0,22.5,60.0,246,123,49.0,0.05,7.05,,,,,,,,,2025-12-21,12,Dec,Post-monsoon,910.9582396795372,Unsuitable,Good-relative
2025-12-22,7.17,125.0,20.7,58.0,210,105,42.0,0.04,7.17,,,,,,,,,2025-12-22,12,Dec,Post-monsoon,978.0943473906755,Unsuitable,Good-relative
2025-12-23,7.2,245.0,19.3,58.0,178,89,27.0,0.03,6.99,,,,,,,,,2025-12-23,12,Dec,Post-monsoon,1887.169478135084,Unsuitable,Moderate-relative
2025-12-24,7.16,270.0,19.7,56.0,190,95,29.0,0.03,7.1,,,,,,,,,2025-12-24,12,Dec,Post-monsoon,2075.305789844591,Unsuitable,Moderate-relative
2025-12-25,7.23,167.0,20.5,60.0,234,117,47.0,0.05,7.05,,,,,,,,,2025-12-25,12,Dec,Post-monsoon,1297.2834650050074,Unsuitable,Good-relative
2025-12-26,7.3,142.0,21.0,64.0,212,106,42.0,0.04,6.97,,,,,,,,,2025-12-26,12,Dec,Post-monsoon,1109.4706093987616,Unsuitable,Good-relative
2025-12-27,7.22,160.0,23.4,58.5,426,213,85.0,0.09,7.88,,,,,,,,,2025-12-27,12,Dec,Post-monsoon,1241.0793349653202,Unsuitable,Good-relative
2025-12-28,7.35,90.0,22.8,65.0,380,190,76.0,0.08,7.25,,,,,,,,,2025-12-28,12,Dec,Post-monsoon,715.8229516709322,Unsuitable,Good-relative
2025-12-29,7.46,55.0,22.3,70.0,170,85,26.0,0.03,7.18,,,,,,,,,2025-12-29,12,Dec,Post-monsoon,452.6966952264382,Unsuitable,Good-relative
2025-12-30,7.37,124.0,19.9,65.0,156,78,23.0,0.02,7.11,,,,,,,,,2025-12-30,12,Dec,Post-monsoon,973.6867326879567,Unsuitable,Good-relative
2025-12-31,7.35,65.0,21.2,64.0,182,91,27.0,0.03,7.23,,,,,,,,,2025-12-31,12,Dec,Post-monsoon,526.5117057972627,Unsuitable,Good-relative
